DBH,Volume,Length
0.278601311620444,0.563387914660687,255.429043558354
